spaceship_general;Kv_toggle_cabin_lights;Kv_toggle_running_lights;Kv_power_cycle_preset_fwd;Kv_power_cycle_preset_back;Kv_eject;;;;;;;;;;;;;;;;;
spaceship_view;Jv_view_yaw_left;Jv_view_yaw_right;Jv_view_yaw;Jv_view_yaw_1p;Kv_view_yaw_absolute;Jv_view_pitch_up;Jv_view_pitch_down;Jv_view_pitch;Jv_view_pitch_1p;Kv_view_pitch_absolute;Kv_view_roll_absolute;Jv_view_cycle_fwd;Kv_view_option;Kv_view_mode;Jv_view_zoom_in;Jv_view_zoom_out;Kv_view_dynamic_focus_in;Kv_view_dynamic_focus_out;Jv_view_dynamic_focus_toggle;Kv_view_track_target;;
spaceship_movement;Jv_pitch;Jv_pitch_flightstick;Jv_yaw;Jv_roll;Jv_throttle;Kv_throttle_toggle_minmax;Kv_throttle_up;Kv_throttle_down;Kv_brake;Jv_target_match_vel;Kv_ifcs_toggle_vector_decoupling;Kv_strafe_up;Kv_strafe_down;Kv_strafe_left;Kv_strafe_right;Kv_strafe_forward;Kv_strafe_back;Jv_newtonian_yaw;Jv_newtonian_pitch;Kv_newtonian_brake;Kv_ifcs_toggle_safety;Jv_afterburner
spaceship_targeting;Jv_target_cycle_all_fwd;Jv_target_cycle_all_back;Kv_target_cycle_friendly_fwd;Kv_target_cycle_friendly_back;Kv_target_toggle_pinned_focused;Jv_target_missile_lock_focused;Jv_target_cycle_hostile_fwd;Kv_target_cycle_hostile_back;Jv_target_nearest_hostile;Kv_target_nearest_landzone;Kv_target_pin_reticule;Kv_target_cycle_subsystem_fwd;Kv_target_cycle_subsystem_back;Jv_target_toggle_lock_selected;Jv_target_missile_lock_selected;;;;;;;
spaceship_weapons;Jv_attack1_group1;Jv_attack1_group2;Jv_attack1_group3;Jv_attack1_group4;;;;;;;;;;;;;;;;;;
spaceship_missiles;Jv_weapon_cycle_missile_fwd;Kv_weapon_cycle_missile_back;Jv_weapon_launch_missile;;;;;;;;;;;;;;;;;;;
spaceship_defensive;Jv_weapon_launch_countermeasure;Jv_weapon_cycle_countermeasure_fwd;Kv_shield_raise_level_forward;Kv_shield_raise_level_back;Kv_shield_raise_level_left;Kv_shield_raise_level_right;Kv_shield_reset_level;Kv_shield_power_up;Kv_shield_power_down;Kv_shield_boost_recharge;Jv_shield_cycle_presets_fwd;Jv_shield_cycle_presets_back;;;;;;;;;;
spaceship_auto_weapons;Kv_weapon_toggle_ai;;;;;;;;;;;;;;;;;;;;;
spaceship_radar;Kv_radar_cycle_zoom_fwd;Kv_radar_cycle_focus_fwd;Kv_radar_cycle_focus_back;;;;;;;;;;;;;;;;;;;
spaceship_hud;Kv_hud_cycle_mode_fwd;Kv_hud_cycle_mode_back;;;;;;;;;;;;;;;;;;;;
